"movie_id","movie_name","movie_distributor","movie_genre"
"Romantic-Comedy_2000_1","What Women Want","Paramount Pictures","Romantic-Comedy"
"Romantic-Comedy_2000_2","Me, Myself & Irene","20th Century Fox","Romantic-Comedy"
"Romantic-Comedy_2000_3","Keeping the Faith","Walt Disney","Romantic-Comedy"
"Romantic-Comedy_2000_4","Return to Me","MGM","Romantic-Comedy"
"Romantic-Comedy_2000_5","Boys and Girls","Miramax","Romantic-Comedy"
"Romantic-Comedy_2000_6","Down to You","Miramax","Romantic-Comedy"
"Romantic-Comedy_2000_7","Loser","Sony Pictures","Romantic-Comedy"
"Romantic-Comedy_2000_8","Dr. T and the Women","Artisan","Romantic-Comedy"
"Romantic-Comedy_2000_9","Whatever it Takes","Sony Pictures","Romantic-Comedy"
"Romantic-Comedy_2000_10","Woman on Top","Fox Searchlight","Romantic-Comedy"
"Romantic-Comedy_2000_11","The Tao of Steve","Sony Pictures Cla…","Romantic-Comedy"
"Romantic-Comedy_2000_12","Sweet and Lowdown","Sony Pictures Cla…","Romantic-Comedy"
"Romantic-Comedy_2000_13","Bossa Nova","Sony Pictures Cla…","Romantic-Comedy"
"Romantic-Comedy_2000_14","Girl on the Bridge","Paramount Vantage","Romantic-Comedy"
"Romantic-Comedy_2000_15","The Best Man","Universal","Romantic-Comedy"
"Romantic-Comedy_2000_16","Me, Myself & I","Sony Pictures Cla…","Romantic-Comedy"
"Romantic-Comedy_2000_17","Love and Sex","Lionsgate","Romantic-Comedy"
"Romantic-Comedy_2000_18","The Bachelor","New Line","Romantic-Comedy"
"Romantic-Comedy_2000_19","Love's Labour's Lost","Miramax","Romantic-Comedy"
"Romantic-Comedy_2000_20","Chal Mere Bhai","Eros Entertainment","Romantic-Comedy"
"Romantic-Comedy_2000_21","Fever Pitch","Phaedra Cinema","Romantic-Comedy"
"Romantic-Comedy_2000_22","Runaway Bride","Paramount Pictures","Romantic-Comedy"
"Romantic-Comedy_2000_23","Mad About Mambo","","Romantic-Comedy"
"Romantic-Comedy_2001_1","America's Sweethearts","Sony Pictures","Romantic-Comedy"
"Romantic-Comedy_2001_2","Bridget Jones's Diary","Miramax","Romantic-Comedy"
"Romantic-Comedy_2001_3","Shallow Hal","20th Century Fox","Romantic-Comedy"
"Romantic-Comedy_2001_4","What Women Want","Paramount Pictures","Romantic-Comedy"
"Romantic-Comedy_2001_5","The Wedding Planner","Sony Pictures","Romantic-Comedy"
"Romantic-Comedy_2001_6","Serendipity","Miramax","Romantic-Comedy"
"Romantic-Comedy_2001_7","Kate and Leopold","Miramax","Romantic-Comedy"
"Romantic-Comedy_2001_8","Someone Like You","20th Century Fox","Romantic-Comedy"
"Romantic-Comedy_2001_9","Two Can Play That Game","Sony Pictures","Romantic-Comedy"
"Romantic-Comedy_2001_10","Get Over It","Miramax","Romantic-Comedy"
"Romantic-Comedy_2001_11","Head Over Heels","Universal","Romantic-Comedy"
"Romantic-Comedy_2001_12","Town & Country","New Line","Romantic-Comedy"
"Romantic-Comedy_2001_13","On the Line","Miramax","Romantic-Comedy"
"Romantic-Comedy_2001_14","All Over the Guy","Lionsgate","Romantic-Comedy"
"Romantic-Comedy_2001_15","American Desi","Eros Entertainment","Romantic-Comedy"
"Romantic-Comedy_2001_16","Va Savoir (Who Knows?)","Sony Pictures Cla…","Romantic-Comedy"
"Romantic-Comedy_2001_17","Happy Accidents","IFC Films","Romantic-Comedy"
"Romantic-Comedy_2001_18","The Taste of Others","Miramax","Romantic-Comedy"
"Romantic-Comedy_2001_19","Better than Sex","Samuel Goldwyn Films","Romantic-Comedy"
"Romantic-Comedy_2001_20","Best Man in Grass Creek","","Romantic-Comedy"
"Romantic-Comedy_2001_21","Mademoiselle","","Romantic-Comedy"
"Romantic-Comedy_2001_22","Café Olé","Equinox","Romantic-Comedy"
"Romantic-Comedy_2001_23","Let it Snow","","Romantic-Comedy"
"Romantic-Comedy_2001_24","Du pic au coeur","","Romantic-Comedy"
"Romantic-Comedy_2002_1","My Big Fat Greek Wedding","IFC Films","Romantic-Comedy"
"Romantic-Comedy_2002_2","Maid in Manhattan","Sony Pictures","Romantic-Comedy"
"Romantic-Comedy_2002_3","Two Weeks Notice","Warner Bros.","Romantic-Comedy"
"Romantic-Comedy_2002_4","About a Boy","Universal","Romantic-Comedy"
"Romantic-Comedy_2002_5","40 Days and 40 Nights","Miramax","Romantic-Comedy"
"Romantic-Comedy_2002_6","Brown Sugar","20th Century Fox","Romantic-Comedy"
"Romantic-Comedy_2002_7","The Sweetest Thing","Sony Pictures","Romantic-Comedy"
"Romantic-Comedy_2002_8","Serving Sara","Paramount Pictures","Romantic-Comedy"
"Romantic-Comedy_2002_9","Kate and Leopold","Miramax","Romantic-Comedy"
"Romantic-Comedy_2002_10","Life, or Something Like It","20th Century Fox","Romantic-Comedy"
"Romantic-Comedy_2002_11","Kissing Jessica Stein","Fox Searchlight","Romantic-Comedy"
"Romantic-Comedy_2002_12","Birthday Girl","Miramax","Romantic-Comedy"
"Romantic-Comedy_2002_13","Hollywood Ending","Dreamworks SKG","Romantic-Comedy"
"Romantic-Comedy_2002_14","Shallow Hal","20th Century Fox","Romantic-Comedy"
"Romantic-Comedy_2002_15","Bollywood/Hollywood","Magnolia Pictures","Romantic-Comedy"
"Romantic-Comedy_2002_16","Crush","Sony Pictures Cla…","Romantic-Comedy"
"Romantic-Comedy_2002_17","Swept Away","Sony Pictures","Romantic-Comedy"
"Romantic-Comedy_2002_18","The Triumph of Love","","Romantic-Comedy"
"Romantic-Comedy_2002_19","Never Again","","Romantic-Comedy"
"Romantic-Comedy_2002_20","The Bread, My Sweet","Panorama Entertai…","Romantic-Comedy"
"Romantic-Comedy_2002_21","Mujhse Dosti Karoge","","Romantic-Comedy"
"Romantic-Comedy_2002_22","Waking Up in Reno","Miramax","Romantic-Comedy"
"Romantic-Comedy_2002_23","Amy's Orgasm","Magic Lamp","Romantic-Comedy"
"Romantic-Comedy_2002_24","Va Savoir (Who Knows?)","Sony Pictures Cla…","Romantic-Comedy"
"Romantic-Comedy_2003_1","How to Lose a Guy in 10 Days","Paramount Pictures","Romantic-Comedy"
"Romantic-Comedy_2003_2","Something's Gotta Give","Sony Pictures","Romantic-Comedy"
"Romantic-Comedy_2003_3","Love Actually","Universal","Romantic-Comedy"
"Romantic-Comedy_2003_4","Just Married","20th Century Fox","Romantic-Comedy"
"Romantic-Comedy_2003_5","Intolerable Cruelty","Universal","Romantic-Comedy"
"Romantic-Comedy_2003_6","Two Weeks Notice","Warner Bros.","Romantic-Comedy"
"Romantic-Comedy_2003_7","Down with Love","20th Century Fox","Romantic-Comedy"
"Romantic-Comedy_2003_8","Love Don't Cost a Thing","Warner Bros.","Romantic-Comedy"
"Romantic-Comedy_2003_9","Maid in Manhattan","Sony Pictures","Romantic-Comedy"
"Romantic-Comedy_2003_10","Deliver Us From Eva","Focus Features","Romantic-Comedy"
"Romantic-Comedy_2003_11","My Boss's Daughter","Miramax/Dimension","Romantic-Comedy"
"Romantic-Comedy_2003_12","A Guy Thing","MGM","Romantic-Comedy"
"Romantic-Comedy_2003_13","My Big Fat Greek Wedding","IFC Films","Romantic-Comedy"
"Romantic-Comedy_2003_14","Gigli","Sony Pictures","Romantic-Comedy"
"Romantic-Comedy_2003_15","L'auberge espagnole","","Romantic-Comedy"
"Romantic-Comedy_2003_16","Anything Else","Dreamworks SKG","Romantic-Comedy"
"Romantic-Comedy_2003_17","Nez Rouge","Christal Films","Romantic-Comedy"
"Romantic-Comedy_2003_18","I Capture the Castle","Samuel Goldwyn Films","Romantic-Comedy"
"Romantic-Comedy_2003_19","The Bread, My Sweet","Panorama Entertai…","Romantic-Comedy"
"Romantic-Comedy_2003_20","Jet Lag","Miramax","Romantic-Comedy"
"Romantic-Comedy_2003_21","Passionada","Samuel Goldwyn Films","Romantic-Comedy"
"Romantic-Comedy_2003_22","Bollywood/Hollywood","Magnolia Pictures","Romantic-Comedy"
"Romantic-Comedy_2003_23","Brown Sugar","20th Century Fox","Romantic-Comedy"
"Romantic-Comedy_2003_24","Out of Control","","Romantic-Comedy"
"Romantic-Comedy_2003_25","Pursuit of Happiness","","Romantic-Comedy"
"Romantic-Comedy_2003_26","Lan se da men","Strand","Romantic-Comedy"
"Romantic-Comedy_2004_1","50 First Dates","Sony Pictures","Romantic-Comedy"
"Romantic-Comedy_2004_2","The Princess Diaries 2: Roy…","Walt Disney","Romantic-Comedy"
"Romantic-Comedy_2004_3","Along Came Polly","Universal","Romantic-Comedy"
"Romantic-Comedy_2004_4","Shall We Dance?","Miramax","Romantic-Comedy"
"Romantic-Comedy_2004_5","A Cinderella Story","Warner Bros.","Romantic-Comedy"
"Romantic-Comedy_2004_6","Something's Gotta Give","Sony Pictures","Romantic-Comedy"
"Romantic-Comedy_2004_7","Bridget Jones: The Edge Of …","Universal","Romantic-Comedy"
"Romantic-Comedy_2004_8","The Prince & Me","Paramount Pictures","Romantic-Comedy"
"Romantic-Comedy_2004_9","Little Black Book","Sony Pictures","Romantic-Comedy"
"Romantic-Comedy_2004_10","Laws of Attraction","New Line","Romantic-Comedy"
"Romantic-Comedy_2004_11","Win a Date with Tad Hamilton!","Dreamworks SKG","Romantic-Comedy"
"Romantic-Comedy_2004_12","Wimbledon","Universal","Romantic-Comedy"
"Romantic-Comedy_2004_13","The Girl Next Door","20th Century Fox","Romantic-Comedy"
"Romantic-Comedy_2004_14","Breakin' All the Rules","20th Century Fox","Romantic-Comedy"
"Romantic-Comedy_2004_15","Chasing Liberty","Warner Bros.","Romantic-Comedy"
"Romantic-Comedy_2004_16","First Daughter","20th Century Fox","Romantic-Comedy"
"Romantic-Comedy_2004_17","Love Actually","Universal","Romantic-Comedy"
"Romantic-Comedy_2004_18","Love Don't Cost a Thing","Warner Bros.","Romantic-Comedy"
"Romantic-Comedy_2004_19","Mujhse Shaadi Karogi","Zee Studios","Romantic-Comedy"
"Romantic-Comedy_2004_20","Hum Tum","Yash Raj Films","Romantic-Comedy"
"Romantic-Comedy_2004_21","Touch of Pink","Sony Pictures Cla…","Romantic-Comedy"
"Romantic-Comedy_2004_22","Love Me If You Dare","Paramount Vantage","Romantic-Comedy"
"Romantic-Comedy_2004_23","Nez Rouge","Christal Films","Romantic-Comedy"
"Romantic-Comedy_2004_24","Kyun! Ho Gaya Na...","","Romantic-Comedy"
"Romantic-Comedy_2004_25","Flavors","Net Effect","Romantic-Comedy"
"Romantic-Comedy_2004_26","Seeing Other People","Lantern Lane Ente…","Romantic-Comedy"
"Romantic-Comedy_2004_27","Intolerable Cruelty","Universal","Romantic-Comedy"
"Romantic-Comedy_2004_28","The Bread, My Sweet","Panorama Entertai…","Romantic-Comedy"
"Romantic-Comedy_2004_29","Cowards Bend the Knee","Zeitgeist","Romantic-Comedy"
"Romantic-Comedy_2004_30","Easy","Magic Lamp","Romantic-Comedy"
"Romantic-Comedy_2004_31","Perfect Opposites","","Romantic-Comedy"
"Romantic-Comedy_2004_32","Swing","RMH Media/Dominio…","Romantic-Comedy"
"Romantic-Comedy_2004_33","Lan se da men","Strand","Romantic-Comedy"
"Romantic-Comedy_2005_1","Hitch","Sony Pictures","Romantic-Comedy"
"Romantic-Comedy_2005_2","Are We There Yet?","Sony Pictures","Romantic-Comedy"
"Romantic-Comedy_2005_3","Just Like Heaven","Dreamworks SKG","Romantic-Comedy"
"Romantic-Comedy_2005_4","Must Love Dogs","Warner Bros.","Romantic-Comedy"
"Romantic-Comedy_2005_5","The Wedding Date","Universal","Romantic-Comedy"
"Romantic-Comedy_2005_6","Prime","Universal","Romantic-Comedy"
"Romantic-Comedy_2005_7","The Perfect Man","Universal","Romantic-Comedy"
"Romantic-Comedy_2005_8","Broken Flowers","Focus Features","Romantic-Comedy"
"Romantic-Comedy_2005_9","Undiscovered","Lionsgate","Romantic-Comedy"
"Romantic-Comedy_2005_10","Shall We Dance?","Miramax","Romantic-Comedy"
"Romantic-Comedy_2005_11","Little Manhattan","20th Century Fox","Romantic-Comedy"
"Romantic-Comedy_2005_12","Deewane Huye Paagal","UTV Communications","Romantic-Comedy"
"Romantic-Comedy_2005_13","Bridget Jones: The Edge Of …","Universal","Romantic-Comedy"
"Romantic-Comedy_2005_14","Side Effects","Sky Island","Romantic-Comedy"
"Romantic-Comedy_2005_15","Girl Play","Wolfe Releasing","Romantic-Comedy"
"Romantic-Comedy_2006_1","The Break-Up","Universal","Romantic-Comedy"
"Romantic-Comedy_2006_2","Failure to Launch","Paramount Pictures","Romantic-Comedy"
"Romantic-Comedy_2006_3","The Holiday","Sony Pictures","Romantic-Comedy"
"Romantic-Comedy_2006_4","She's the Man","Paramount Pictures","Romantic-Comedy"
"Romantic-Comedy_2006_5","Just My Luck","20th Century Fox","Romantic-Comedy"
"Romantic-Comedy_2006_6","The Last Kiss","Paramount Pictures","Romantic-Comedy"
"Romantic-Comedy_2006_7","Scoop","Focus/Rogue Pictures","Romantic-Comedy"
"Romantic-Comedy_2006_8","Phat Girlz","Fox Searchlight","Romantic-Comedy"
"Romantic-Comedy_2006_9","Boynton Beach Club","Wingate Distribution","Romantic-Comedy"
"Romantic-Comedy_2006_10","Imagine Me & You","Fox Searchlight","Romantic-Comedy"
"Romantic-Comedy_2006_11","The Oh in Ohio","Cyan","Romantic-Comedy"
"Romantic-Comedy_2006_12","Adam & Steve","TLA Releasing","Romantic-Comedy"
"Romantic-Comedy_2006_13","Seres Queridos","Magnolia Pictures","Romantic-Comedy"
"Romantic-Comedy_2006_14","Confetti","Fox Searchlight","Romantic-Comedy"
"Romantic-Comedy_2006_15","Pyar Ke Side Effects","Eros Entertainment","Romantic-Comedy"
"Romantic-Comedy_2006_16","Quand la mer monte...","New Yorker","Romantic-Comedy"
"Romantic-Comedy_2006_17","April's Shower","Regent Releasing","Romantic-Comedy"
"Romantic-Comedy_2006_18","Sleeping Dogs Lie","IDP/Goldwyn/Roadside","Romantic-Comedy"
"Romantic-Comedy_2006_19","My First Wedding","Indican Pictures","Romantic-Comedy"
"Romantic-Comedy_2006_20","Zerophilia","Microangelo Enter…","Romantic-Comedy"
"Romantic-Comedy_2007_1","Knocked Up","Universal","Romantic-Comedy"
"Romantic-Comedy_2007_2","Enchanted","Walt Disney","Romantic-Comedy"
"Romantic-Comedy_2007_3","Why Did I Get Married?","Lionsgate","Romantic-Comedy"
"Romantic-Comedy_2007_4","Music and Lyrics","Warner Bros.","Romantic-Comedy"
"Romantic-Comedy_2007_5","Dan in Real Life","Walt Disney","Romantic-Comedy"
"Romantic-Comedy_2007_6","License to Wed","Warner Bros.","Romantic-Comedy"
"Romantic-Comedy_2007_7","No Reservations","Warner Bros.","Romantic-Comedy"
"Romantic-Comedy_2007_8","The Heartbreak Kid","Paramount Pictures","Romantic-Comedy"
"Romantic-Comedy_2007_9","Good Luck Chuck","Lionsgate","Romantic-Comedy"
"Romantic-Comedy_2007_10","Daddy's Little Girls","Lionsgate","Romantic-Comedy"
"Romantic-Comedy_2007_11","P.S. I Love You","Warner Bros.","Romantic-Comedy"
"Romantic-Comedy_2007_12","Waitress","Fox Searchlight","Romantic-Comedy"
"Romantic-Comedy_2007_13","Becoming Jane","Miramax","Romantic-Comedy"
"Romantic-Comedy_2007_14","Catch and Release","Sony Pictures","Romantic-Comedy"
"Romantic-Comedy_2007_15","The Holiday","Sony Pictures","Romantic-Comedy"
"Romantic-Comedy_2007_16","I Think I Love My Wife","Fox Searchlight","Romantic-Comedy"
"Romantic-Comedy_2007_17","The Perfect Holiday","Yari Film Group R…","Romantic-Comedy"
"Romantic-Comedy_2007_18","The Ex","MGM","Romantic-Comedy"
"Romantic-Comedy_2007_19","Salaam-e-Ishq (A Tribute to…","Eros Entertainment","Romantic-Comedy"
"Romantic-Comedy_2007_20","Namastey London","Eros Entertainment","Romantic-Comedy"
"Romantic-Comedy_2007_21","Partner","Eros Entertainment","Romantic-Comedy"
"Romantic-Comedy_2007_22","Broken English","Magnolia Pictures","Romantic-Comedy"
"Romantic-Comedy_2007_23","Cheeni Kum","Eros Entertainment","Romantic-Comedy"
"Romantic-Comedy_2007_24","Angel-A","Sony Pictures Cla…","Romantic-Comedy"
"Romantic-Comedy_2007_25","Americanizing Shelley","Rocky Mountain Pi…","Romantic-Comedy"
"Romantic-Comedy_2007_26","David & Layla","Newroz Films","Romantic-Comedy"
"Romantic-Comedy_2007_27","Dedication","Weinstein/Dimension","Romantic-Comedy"
"Romantic-Comedy_2007_28","Puccini for Beginners","Strand","Romantic-Comedy"
"Romantic-Comedy_2007_29","Blind Dating","Samuel Goldwyn Films","Romantic-Comedy"
"Romantic-Comedy_2007_30","The Treatment","New Yorker","Romantic-Comedy"
"Romantic-Comedy_2007_31","Gray Matters","Yari Film Group R…","Romantic-Comedy"
"Romantic-Comedy_2007_32","Falling for Grace","Slowhand Cinema","Romantic-Comedy"
"Romantic-Comedy_2007_33","Gringo Wedding","Self Distributed","Romantic-Comedy"
"Romantic-Comedy_2007_34","The Good Night","Sony Pictures","Romantic-Comedy"
"Romantic-Comedy_2007_35","American Fusion","Wildcat Releasing","Romantic-Comedy"
"Romantic-Comedy_2008_1","What Happens in Vegas...","20th Century Fox","Romantic-Comedy"
"Romantic-Comedy_2008_2","27 Dresses","20th Century Fox","Romantic-Comedy"
"Romantic-Comedy_2008_3","Made of Honor","Sony Pictures","Romantic-Comedy"
"Romantic-Comedy_2008_4","Definitely, Maybe","Universal","Romantic-Comedy"
"Romantic-Comedy_2008_5","Leatherheads","Universal","Romantic-Comedy"
"Romantic-Comedy_2008_6","P.S. I Love You","Warner Bros.","Romantic-Comedy"
"Romantic-Comedy_2008_7","Ghost Town","Paramount Pictures","Romantic-Comedy"
"Romantic-Comedy_2008_8","Smart People","Miramax","Romantic-Comedy"
"Romantic-Comedy_2008_9","Enchanted","Walt Disney","Romantic-Comedy"
"Romantic-Comedy_2008_10","Then She Found Me","ThinkFilm","Romantic-Comedy"
"Romantic-Comedy_2008_11","Sukkar banat","Roadside Attractions","Romantic-Comedy"
"Romantic-Comedy_2008_12","Bachna Ae Haseeno","Yash Raj Films","Romantic-Comedy"
"Romantic-Comedy_2008_13","Noah's Arc: Jumping the Broom","Logo Features","Romantic-Comedy"
"Romantic-Comedy_2008_14","Dan in Real Life","Walt Disney","Romantic-Comedy"
"Romantic-Comedy_2008_15","Kismat Konnection","UTV Communications","Romantic-Comedy"
"Romantic-Comedy_2008_16","Elsa & Fred","Mitropoulos Films","Romantic-Comedy"
"Romantic-Comedy_2008_17","The Other End of the Line","MGM","Romantic-Comedy"
"Romantic-Comedy_2008_18","The Perfect Holiday","Yari Film Group R…","Romantic-Comedy"
"Romantic-Comedy_2008_19","I Can't Think Straight","Regent Releasing","Romantic-Comedy"
"Romantic-Comedy_2008_20","Kiss the Bride","Regent Releasing","Romantic-Comedy"
"Romantic-Comedy_2008_21","The Hottie and the Nottie","Regent Releasing","Romantic-Comedy"
"Romantic-Comedy_2008_22","Antarctica","Regent Releasing","Romantic-Comedy"
"Romantic-Comedy_2008_23","David & Layla","Newroz Films","Romantic-Comedy"
"Romantic-Comedy_2008_24","Tru Loved","Regent Releasing","Romantic-Comedy"
"Romantic-Comedy_2008_25","Jack and Jill vs. the World","Lantern Lane Ente…","Romantic-Comedy"
"Romantic-Comedy_2009_1","The Proposal","Walt Disney","Romantic-Comedy"
"Romantic-Comedy_2009_2","He's Just Not That Into You","Warner Bros.","Romantic-Comedy"
"Romantic-Comedy_2009_3","The Ugly Truth","Sony Pictures","Romantic-Comedy"
"Romantic-Comedy_2009_4","It’s Complicated","Universal","Romantic-Comedy"
"Romantic-Comedy_2009_5","Ghosts of Girlfriends Past","Warner Bros.","Romantic-Comedy"
"Romantic-Comedy_2009_6","Confessions of a Shopaholic","Walt Disney","Romantic-Comedy"
"Romantic-Comedy_2009_7","All About Steve","20th Century Fox","Romantic-Comedy"
"Romantic-Comedy_2009_8","(500) Days of Summer","Fox Searchlight","Romantic-Comedy"
"Romantic-Comedy_2009_9","Did You Hear About the Morg…","Sony Pictures","Romantic-Comedy"
"Romantic-Comedy_2009_10","New in Town","Lionsgate","Romantic-Comedy"
"Romantic-Comedy_2009_11","My Life in Ruins","Fox Searchlight","Romantic-Comedy"
"Romantic-Comedy_2009_12","Post Grad","20th Century Fox","Romantic-Comedy"
"Romantic-Comedy_2009_13","Whatever Works","Sony Pictures Cla…","Romantic-Comedy"
"Romantic-Comedy_2009_14","Easy Virtue","Sony Pictures Cla…","Romantic-Comedy"
"Romantic-Comedy_2009_15","Love Aaj Kal","Eros Entertainment","Romantic-Comedy"
"Romantic-Comedy_2009_16","Kambakkht Ishq","Eros Entertainment","Romantic-Comedy"
"Romantic-Comedy_2009_17","Management","Samuel Goldwyn Films","Romantic-Comedy"
"Romantic-Comedy_2009_18","Un baiser s'il vous plaît","Music Box Films","Romantic-Comedy"
"Romantic-Comedy_2009_19","White On Rice","Variance Films","Romantic-Comedy"
"Romantic-Comedy_2009_20","The Answer Man","Magnolia Pictures","Romantic-Comedy"
"Romantic-Comedy_2009_21","I Hate Valentine's Day","IFC Films","Romantic-Comedy"
"Romantic-Comedy_2009_22","The Bride & The Grooms","Sumbadhat Product…","Romantic-Comedy"
"Romantic-Comedy_2009_23","Waiting for Dublin","Cinema Libre","Romantic-Comedy"
"Romantic-Comedy_2009_24","Antarctica","Regent Releasing","Romantic-Comedy"
"Romantic-Comedy_2009_25","Tru Loved","Regent Releasing","Romantic-Comedy"
"Romantic-Comedy_2009_26","I Can't Think Straight","Regent Releasing","Romantic-Comedy"
"Romantic-Comedy_2010_1","Valentine's Day","Warner Bros.","Romantic-Comedy"
"Romantic-Comedy_2010_2","The Bounty Hunter","Sony Pictures","Romantic-Comedy"
"Romantic-Comedy_2010_3","It’s Complicated","Universal","Romantic-Comedy"
"Romantic-Comedy_2010_4","Life as We Know It","Warner Bros.","Romantic-Comedy"
"Romantic-Comedy_2010_5","The Back-up Plan","CBS Films","Romantic-Comedy"
"Romantic-Comedy_2010_6","When in Rome","Walt Disney","Romantic-Comedy"
"Romantic-Comedy_2010_7","She's Out of My League","Paramount Pictures","Romantic-Comedy"
"Romantic-Comedy_2010_8","The Switch","Miramax","Romantic-Comedy"
"Romantic-Comedy_2010_9","Leap Year","Universal","Romantic-Comedy"
"Romantic-Comedy_2010_10","How Do You Know?","Sony Pictures","Romantic-Comedy"
"Romantic-Comedy_2010_11","Just Wright","Fox Searchlight","Romantic-Comedy"
"Romantic-Comedy_2010_12","Going the Distance","Warner Bros.","Romantic-Comedy"
"Romantic-Comedy_2010_13","Did You Hear About the Morg…","Sony Pictures","Romantic-Comedy"
"Romantic-Comedy_2010_14","Greenberg","Focus Features","Romantic-Comedy"
"Romantic-Comedy_2010_15","Flipped","Warner Bros.","Romantic-Comedy"
"Romantic-Comedy_2010_16","Housefull","Eros Entertainment","Romantic-Comedy"
"Romantic-Comedy_2010_17","I Hate Luv Storys","UTV Communications","Romantic-Comedy"
"Romantic-Comedy_2010_18","Aisha","Viva Entertainment","Romantic-Comedy"
"Romantic-Comedy_2010_19","Fei Cheng Wu Rao 2","China Lion Film D…","Romantic-Comedy"
"Romantic-Comedy_2010_20","De Mai Tinh","Variance Films","Romantic-Comedy"
"Romantic-Comedy_2010_21","The Good Guy","Roadside Attractions","Romantic-Comedy"
"Romantic-Comedy_2010_22","Feed the Fish","Strand","Romantic-Comedy"
"Romantic-Comedy_2010_23","The People I've Slept With","People Pictures","Romantic-Comedy"
"Romantic-Comedy_2010_24","16 to Life","Waterdog Films","Romantic-Comedy"
"Romantic-Comedy_2010_25","The Freebie","Phase 4 Films","Romantic-Comedy"
"Romantic-Comedy_2010_26","BearCity","TLA Releasing","Romantic-Comedy"
"Romantic-Comedy_2010_27","Speed-Dating","Rockstone Releasing","Romantic-Comedy"
"Romantic-Comedy_2010_28","White On Rice","Variance Films","Romantic-Comedy"
"Romantic-Comedy_2010_29","Un baiser s'il vous plaît","Music Box Films","Romantic-Comedy"
"Romantic-Comedy_2010_30","Tru Loved","Regent Releasing","Romantic-Comedy"
"Romantic-Comedy_2011_1","Just Go With It","Sony Pictures","Romantic-Comedy"
"Romantic-Comedy_2011_2","Zookeeper","Sony Pictures","Romantic-Comedy"
"Romantic-Comedy_2011_3","No Strings Attached","Paramount Pictures","Romantic-Comedy"
"Romantic-Comedy_2011_4","Midnight in Paris","Sony Pictures Cla…","Romantic-Comedy"
"Romantic-Comedy_2011_5","Friends with Benefits","Sony Pictures","Romantic-Comedy"
"Romantic-Comedy_2011_6","New Year’s Eve","Warner Bros.","Romantic-Comedy"
"Romantic-Comedy_2011_7","Something Borrowed","Warner Bros.","Romantic-Comedy"
"Romantic-Comedy_2011_8","Jumping the Broom","Sony Pictures","Romantic-Comedy"
"Romantic-Comedy_2011_9","Larry Crowne","Universal","Romantic-Comedy"
"Romantic-Comedy_2011_10","Monte Carlo","20th Century Fox","Romantic-Comedy"
"Romantic-Comedy_2011_11","What's Your Number?","20th Century Fox","Romantic-Comedy"
"Romantic-Comedy_2011_12","How Do You Know?","Sony Pictures","Romantic-Comedy"
"Romantic-Comedy_2011_13","From Prada to Nada","Lionsgate","Romantic-Comedy"
"Romantic-Comedy_2011_14","The Art of Getting By","Fox Searchlight","Romantic-Comedy"
"Romantic-Comedy_2011_15","No Eres Tu, Soy Yo","Lionsgate","Romantic-Comedy"
"Romantic-Comedy_2011_16","The Heart Specialist","Freestyle Releasing","Romantic-Comedy"
"Romantic-Comedy_2011_17","Mere Brother Ki Dulhan","Yash Raj Films","Romantic-Comedy"
"Romantic-Comedy_2011_18","Life as We Know It","Warner Bros.","Romantic-Comedy"
"Romantic-Comedy_2011_19","Joueuse","Zeitgeist","Romantic-Comedy"
"Romantic-Comedy_2011_20","Jihne Mera Dil Luteya","Viva Entertainment","Romantic-Comedy"
"Romantic-Comedy_2011_21","Thank You","UTV Communications","Romantic-Comedy"
"Romantic-Comedy_2011_22","Happythankyoumoreplease","Anchor Bay Entert…","Romantic-Comedy"
"Romantic-Comedy_2011_23","La Bonheur des autres","Entertainment One","Romantic-Comedy"
"Romantic-Comedy_2011_24","35 and Ticking","Image Entertainment","Romantic-Comedy"
"Romantic-Comedy_2011_25","When Harry Tries to Marry","108 Pics","Romantic-Comedy"
"Romantic-Comedy_2011_26","Love in Space","China Lion Film D…","Romantic-Comedy"
"Romantic-Comedy_2011_27","Waiting for Forever","Freestyle Releasing","Romantic-Comedy"
"Romantic-Comedy_2011_28","Ceremony","Magnolia Pictures","Romantic-Comedy"
"Romantic-Comedy_2011_29","All's Faire in Love","Hannover House","Romantic-Comedy"
"Romantic-Comedy_2011_30","Griff the Invisible","Indomina Releasing","Romantic-Comedy"
"Romantic-Comedy_2011_31","Feed the Fish","Strand","Romantic-Comedy"
"Romantic-Comedy_2011_32","A Bird of the Air","Paladin","Romantic-Comedy"
"Romantic-Comedy_2011_33","Chalet Girl","IFC Films","Romantic-Comedy"
"Romantic-Comedy_2012_1","Think Like a Man","Sony Pictures","Romantic-Comedy"
"Romantic-Comedy_2012_2","Hope Springs","Sony Pictures","Romantic-Comedy"
"Romantic-Comedy_2012_3","This Means War","20th Century Fox","Romantic-Comedy"
"Romantic-Comedy_2012_4","What to Expect When You're …","Lionsgate","Romantic-Comedy"
"Romantic-Comedy_2012_5","The Five-Year Engagement","Universal","Romantic-Comedy"
"Romantic-Comedy_2012_6","To Rome with Love","Sony Pictures Cla…","Romantic-Comedy"
"Romantic-Comedy_2012_7","Playing for Keeps","FilmDistrict","Romantic-Comedy"
"Romantic-Comedy_2012_8","New Year’s Eve","Warner Bros.","Romantic-Comedy"
"Romantic-Comedy_2012_9","Friends with Kids","Roadside Attractions","Romantic-Comedy"
"Romantic-Comedy_2012_10","Hysteria","Sony Pictures Cla…","Romantic-Comedy"
"Romantic-Comedy_2012_11","Celeste and Jesse Forever","Sony Pictures Cla…","Romantic-Comedy"
"Romantic-Comedy_2012_12","Barfi","UTV Communications","Romantic-Comedy"
"Romantic-Comedy_2012_13","Ruby Sparks","Fox Searchlight","Romantic-Comedy"
"Romantic-Comedy_2012_14","Ek Main Aur Ekk Tu","UTV Communications","Romantic-Comedy"
"Romantic-Comedy_2012_15","Cocktail","Eros Entertainment","Romantic-Comedy"
"Romantic-Comedy_2012_16","Teri Meri Kahaani","Eros Entertainment","Romantic-Comedy"
"Romantic-Comedy_2012_17","2 Days in New York","Magnolia Pictures","Romantic-Comedy"
"Romantic-Comedy_2012_18","Midnight in Paris","Sony Pictures Cla…","Romantic-Comedy"
"Romantic-Comedy_2012_19","Student of the Year","Eros Entertainment","Romantic-Comedy"
"Romantic-Comedy_2012_20","Tere Naal Love Ho Gaya","UTV Communications","Romantic-Comedy"
"Romantic-Comedy_2012_21","Jodi Breakers","Yash Raj Films","Romantic-Comedy"
"Romantic-Comedy_2012_22","Aiyyaa","UTV Communications","Romantic-Comedy"
"Romantic-Comedy_2012_23","The First Time","Samuel Goldwyn Films","Romantic-Comedy"
"Romantic-Comedy_2012_24","Take Me Home","Monterey Media","Romantic-Comedy"
"Romantic-Comedy_2012_25","A Little Bit of Heaven","Alchemy","Romantic-Comedy"
"Romantic-Comedy_2012_26","The Giant Mechanical Man","TriBeca Films","Romantic-Comedy"
"Romantic-Comedy_2012_27","Save the Date","IFC Films","Romantic-Comedy"
"Romantic-Comedy_2012_28","Tonight You're Mine","Roadside Attractions","Romantic-Comedy"
"Romantic-Comedy_2012_29","Vamps","Anchor Bay Entert…","Romantic-Comedy"
"Romantic-Comedy_2012_30","Cheerful Weather for the We…","IFC Films","Romantic-Comedy"
"Romantic-Comedy_2013_1","Warm Bodies","Lionsgate","Romantic-Comedy"
"Romantic-Comedy_2013_2","Don Jon","Relativity","Romantic-Comedy"
"Romantic-Comedy_2013_3","The Big Wedding","Lionsgate","Romantic-Comedy"
"Romantic-Comedy_2013_4","Baggage Claim","Fox Searchlight","Romantic-Comedy"
"Romantic-Comedy_2013_5","Admission","Focus Features","Romantic-Comedy"
"Romantic-Comedy_2013_6","About Time","Universal","Romantic-Comedy"
"Romantic-Comedy_2013_7","Peeples","Lionsgate","Romantic-Comedy"
"Romantic-Comedy_2013_8","Pulling Strings","Lionsgate","Romantic-Comedy"
"Romantic-Comedy_2013_9","Chennai Express","UTV Communications","Romantic-Comedy"
"Romantic-Comedy_2013_10","Much Ado About Nothing","Roadside Attractions","Romantic-Comedy"
"Romantic-Comedy_2013_11","Austenland","Sony Pictures Cla…","Romantic-Comedy"
"Romantic-Comedy_2013_12","Den skaldede frisør","Sony Pictures Cla…","Romantic-Comedy"
"Romantic-Comedy_2013_13","Besharam","Reliance Big Pict…","Romantic-Comedy"
"Romantic-Comedy_2013_14","Shuddh Desi Romance","Yash Raj Films","Romantic-Comedy"
"Romantic-Comedy_2013_15","Playing for Keeps","FilmDistrict","Romantic-Comedy"
"Romantic-Comedy_2013_16","Upside Down","Alchemy","Romantic-Comedy"
"Romantic-Comedy_2013_17","Jewtopia","Le Petit Canyon P…","Romantic-Comedy"
"Romantic-Comedy_2013_18","I Give It a Year","Magnolia Pictures","Romantic-Comedy"
"Romantic-Comedy_2013_19","A Wedding Invitation","CJ Entertainment","Romantic-Comedy"
"Romantic-Comedy_2013_20","Dorfman in Love","Brainstorm Media","Romantic-Comedy"
"Romantic-Comedy_2013_21","Shanghai Calling","Starz Media","Romantic-Comedy"
"Romantic-Comedy_2013_22","200 Cartas","Vanguardia Films","Romantic-Comedy"
"Romantic-Comedy_2013_23","Red Flag","TriBeca Films","Romantic-Comedy"
"Romantic-Comedy_2013_24","Sparrows Dance","TriBeca Films","Romantic-Comedy"
"Romantic-Comedy_2013_25","La stratégie de la poussette","Rialto Pictures","Romantic-Comedy"
"Romantic-Comedy_2014_1","Think Like a Man Too","Sony Pictures","Romantic-Comedy"
"Romantic-Comedy_2014_2","The Hundred-Foot Journey","Walt Disney","Romantic-Comedy"
"Romantic-Comedy_2014_3","About Last Night","Sony Pictures","Romantic-Comedy"
"Romantic-Comedy_2014_4","Blended","Warner Bros.","Romantic-Comedy"
"Romantic-Comedy_2014_5","That Awkward Moment","FilmDistrict","Romantic-Comedy"
"Romantic-Comedy_2014_6","Magic in the Moonlight","Sony Pictures Cla…","Romantic-Comedy"
"Romantic-Comedy_2014_7","What If","CBS Films","Romantic-Comedy"
"Romantic-Comedy_2014_8","Obvious Child","A24","Romantic-Comedy"
"Romantic-Comedy_2014_9","Words and Pictures","Roadside Attractions","Romantic-Comedy"
"Romantic-Comedy_2014_10","Hector and the Search for H…","Relativity","Romantic-Comedy"
"Romantic-Comedy_2014_11","Khoobsurat","UTV Communications","Romantic-Comedy"
"Romantic-Comedy_2014_12","Finding Fanny","FIP","Romantic-Comedy"
"Romantic-Comedy_2014_13","The One I Love","RADiUS-TWC","Romantic-Comedy"
"Romantic-Comedy_2014_14","Laggies","A24","Romantic-Comedy"
"Romantic-Comedy_2014_15","Hasee Toh Phasee","Reliance Entertai…","Romantic-Comedy"
"Romantic-Comedy_2014_16","Casse-tête chinois","Cohen Media Group","Romantic-Comedy"
"Romantic-Comedy_2014_17","Happy Ending","Eros Entertainment","Romantic-Comedy"
"Romantic-Comedy_2014_18","Aa Gaye Munde U.K. De","Yash Raj Films","Romantic-Comedy"
"Romantic-Comedy_2014_19","Girl on a Bicycle","Monterey Media","Romantic-Comedy"
"Romantic-Comedy_2014_20","Lucky Them","IFC Films","Romantic-Comedy"
"Romantic-Comedy_2014_21","The M Word","","Romantic-Comedy"
"Romantic-Comedy_2014_22","Christian Mingle, The Movie","Rocky Mountain Pi…","Romantic-Comedy"
"Romantic-Comedy_2014_23","Hank and Asha","FilmRise","Romantic-Comedy"
"Romantic-Comedy_2014_24","Two Night Stand","Entertainment One","Romantic-Comedy"
"Romantic-Comedy_2014_25","Barefoot","Roadside Attractions","Romantic-Comedy"
"Romantic-Comedy_2014_26","Amour & turbulences","Variance Films","Romantic-Comedy"
"Romantic-Comedy_2014_27","Comet","IFC Films","Romantic-Comedy"
"Romantic-Comedy_2014_28","El misterio de la felicidad","Strand","Romantic-Comedy"
"Romantic-Comedy_2014_29","Don Jon","Relativity","Romantic-Comedy"
"Romantic-Comedy_2014_30","Situation amoureuse: C'est …","Distrib Films","Romantic-Comedy"
"Romantic-Comedy_2015_1","Focus","Warner Bros.","Romantic-Comedy"
"Romantic-Comedy_2015_2","I'll See You in My Dreams","Bleecker Street","Romantic-Comedy"
"Romantic-Comedy_2015_3","Dilwale","UTV Communications","Romantic-Comedy"
"Romantic-Comedy_2015_4","A La Mala","Lionsgate","Romantic-Comedy"
"Romantic-Comedy_2015_5","Xia Luo Te Fan Nao","China Lion Film D…","Romantic-Comedy"
"Romantic-Comedy_2015_6","Big Stone Gap","Picturehouse","Romantic-Comedy"
"Romantic-Comedy_2015_7","Sleeping with Other People","IFC Films","Romantic-Comedy"
"Romantic-Comedy_2015_8","Zan men jie hun ba","China Lion Film D…","Romantic-Comedy"
"Romantic-Comedy_2015_9","Katti Batti","UTV Communications","Romantic-Comedy"
"Romantic-Comedy_2015_10","After the Ball","TVA Films","Romantic-Comedy"
"Romantic-Comedy_2015_11","5 to 7","IFC Films","Romantic-Comedy"
"Romantic-Comedy_2015_12","Only You","China Lion Film D…","Romantic-Comedy"
"Romantic-Comedy_2015_13","Amira & Sam","Drafthouse Films","Romantic-Comedy"
"Romantic-Comedy_2015_14","Les combattants","Strand","Romantic-Comedy"
"Romantic-Comedy_2015_15","Slow Learners","IFC Films","Romantic-Comedy"
"Romantic-Comedy_2015_16","Boy Meets Girl","Bramacharia LLC","Romantic-Comedy"
"Romantic-Comedy_2015_17","Love, Rosie","Film Arcade","Romantic-Comedy"
"Romantic-Comedy_2015_18","B-Side","Indican Pictures","Romantic-Comedy"
"Romantic-Comedy_2015_19","Meet Me in Montenegro","The Orchard","Romantic-Comedy"
"Romantic-Comedy_2015_20","One Small Hitch","Freestyle Releasing","Romantic-Comedy"
"Romantic-Comedy_2015_21","This Isn't Funny","Candy Factory Films","Romantic-Comedy"
"Romantic-Comedy_2015_22","La navaja de Don Juan","Indican Pictures","Romantic-Comedy"
"Romantic-Comedy_2015_23","Me, You and Five Bucks","Indican Pictures","Romantic-Comedy"
